Parameter,TRUE,Mean
alpha00,10,10.09532211
alpha01,5,4.855150182
alpha02,0.3,0.287408255
alpha03,2,2.002060892
alpha04,10,10.13241383
alpha11,1,0.919918308
alpha12,0.05,0.047875701
b,0.03,0.026262611
sigma_b,8,7.998534408
sigma_e,3,2.988270615
lambda0,0.05,0.058829662
gamma,1.2,1.159231341
